Workbook

Sheet Data
A1: baseline.txt | B1: c=0.01_out.txt | C1: c=0.02_out.txt | D1: c=0.05_out.txt | E1: c=0.1_out.txt | F1: c=0.2_out.txt | G1: c=0.5_out.txt | H1: c=1_out.txt
A2: 14.2473 | B2: 14.5973 | C2: 14.711 | D2: 14.2118 | E2: 14.2118 | F2: 13.4344 | G2: 13.5932 | H2: 16.1444
A3: 12.978 | B3: 13.9741 | C3: 14.6152 | D3: 13.5559 | E3: 14.2118 | F3: 14.5534 | G3: 13.7043 | H3: 19.7028
A4: 14.4289 | B4: 13.6608 | C4: 13.9858 | D4: 14.6092 | E4: 14.2643 | F4: 14.2118 | G4: 13.7043 | H4: 16.1444
A5: 14.5643 | B5: 14.4286 | C5: 14.8324 | D5: 14.2643 | E5: 13.9893 | F5: 14.9185 | G5: 16.1444 | H5: 19.7062
A6: 13.5894 | B6: 14.0239 | C6: 13.3315 | D6: 14.2905 | E6: 14.2118 | F6: 13.5932 | G6: 13.4037 | H6: 13.6246
A7: 13.5901 | B7: 14.2679 | C7: 13.2699 | D7: 13.9624 | E7: 13.5559 | F7: 14.2643 | G7: 14.9185 | H7: 16.1444
A8: 14.1566 | B8: 13.6064 | C8: 14.6826 | D8: 14.4978 | E8: 14.2118 | F8: 13.5559 | G8: 14.9185 | H8: 16.1444
A9: 14.4275 | B9: 14.0505 | C9: 13.1805 | D9: 14.706 | E9: 14.6152 | F9: 13.5559 | G9: 13.7043 | H9: 16.1444
A10: 13.587 | B10: 13.6961 | C10: 13.6027 | D10: 13.5559 | E10: 14.9185 | F10: 14.2643 | G10: 16.1444 | H10: 16.1444
A11: 14.3001 | B11: 14.1373 | C11: 14.2739 | D11: 14.2118 | E11: 14.2118 | F11: 13.8342 | G11: 13.4037 | H11: 16.1444
A12: 13.9593 | B12: 14.593 | C12: 14.4701 | D12: 14.2643 | E12: 13.5559 | F12: 14.9185 | G12: 16.1444 | H12: 16.1444
A13: 13.5672 | B13: 13.3694 | C13: 13.474 | D13: 14.0533 | E13: 14.2118 | F13: 14.9185 | G13: 13.4344 | H13: 16.1444
... A41: 14.2717 | B41: 13.1243 | C41: 13.7233 | D41: 14.7567 | E41: 13.5559 | F41: 14.9185 | G41: 16.1444 | H41: 16.5625

Sheet DataTrain
A1: baseline.txt | B1: c=0.01_out.txt | C1: c=0.02_out.txt | D1: c=0.05_out.txt | E1: c=0.1_out.txt | F1: c=0.2_out.txt | G1: c=0.5_out.txt | H1: c=1_out.txt
A2: 14.6312 | B2: 15.0024 | C2: 15.3981 | D2: 16.0919 | E2: 16.7419 | F2: 17.289 | G2: 20.3648 | H2: 24.4734
A3: 14.3393 | B3: 14.99 | C3: 15.3438 | D3: 16.0912 | E3: 16.7419 | F3: 17.8932 | G3: 20.6444 | H3: 26.7881
A4: 14.8669 | B4: 15.0366 | C4: 15.5868 | D4: 15.8859 | E4: 16.692 | F4: 18.0419 | G4: 20.6444 | H4: 24.4734
A5: 14.6007 | B5: 14.9743 | C5: 15.3612 | D5: 16.142 | E5: 16.8379 | F5: 17.9079 | G5: 20.9734 | H5: 26.7881
A6: 14.8299 | B6: 15.4642 | C6: 15.2836 | D6: 16.0512 | E6: 16.7419 | F6: 17.6648 | G6: 21.0499 | H6: 24.6925
A7: 14.7048 | B7: 15.066 | C7: 15.3192 | D7: 16.309 | E7: 16.5912 | F7: 17.792 | G7: 20.6079 | H7: 24.4734
A8: 14.783 | B8: 14.787 | C8: 15.4441 | D8: 15.884 | E8: 16.7419 | F8: 17.5912 | G8: 20.6079 | H8: 24.4734
A9: 14.8003 | B9: 15.1472 | C9: 15.4164 | D9: 16.0694 | E9: 16.6087 | F9: 17.5912 | G9: 20.6444 | H9: 24.4734
A10: 14.5365 | B10: 14.7422 | C10: 15.5551 | D10: 16.0912 | E10: 17.0079 | F10: 17.792 | G10: 20.9734 | H10: 24.4734
A11: 14.7781 | B11: 15.1871 | C11: 15.7597 | D11: 16.0919 | E11: 16.7419 | F11: 17.9696 | G11: 21.0499 | H11: 24.4734
A12: 14.6757 | B12: 15.1775 | C12: 15.6821 | D12: 16.1408 | E12: 16.5912 | F12: 18.3079 | G12: 20.9734 | H12: 24.4734
A13: 14.5701 | B13: 15.3649 | C13: 15.0595 | D13: 16.0017 | E13: 16.7419 | F13: 17.9079 | G13: 19.989 | H13: 24.4734
... A41: 14.8365 | B41: 14.7389 | C41: 15.517 | D41: 15.9025 | E41: 16.5912 | F41: 17.9079 | G41: 20.9734 | H41: 24.5557

Sheet DataTrueTrain
A1: baseline.txt | B1: c=0.01_out.txt | C1: c=0.02_out.txt | D1: c=0.05_out.txt | E1: c=0.1_out.txt | F1: c=0.2_out.txt | G1: c=0.5_out.txt | H1: c=1_out.txt
A2: 14.6312 | B2: 14.7824 | C2: 15.0181 | D2: 15.4419 | E2: 15.4419 | F2: 15.489 | G2: 15.8648 | H2: 17.4734
A3: 14.3393 | B3: 14.72 | C3: 14.9438 | D3: 15.5912 | E3: 15.4419 | F3: 16.0932 | G3: 16.1444 | H3: 21.7881
A4: 14.8669 | B4: 14.8266 | C4: 15.2468 | D4: 15.1859 | E4: 15.592 | F4: 15.4419 | G4: 16.1444 | H4: 17.4734
A5: 14.6007 | B5: 14.6843 | C5: 14.9612 | D5: 15.592 | E5: 15.5379 | F5: 16.1079 | G5: 17.4734 | H5: 21.7881
A6: 14.8299 | B6: 15.2742 | C6: 14.6636 | D6: 15.2012 | E6: 15.4419 | F6: 15.8648 | G6: 16.5499 | H6: 15.6925
A7: 14.7048 | B7: 14.736 | C7: 14.8992 | D7: 15.409 | E7: 15.5912 | F7: 15.592 | G7: 16.1079 | H7: 17.4734
A8: 14.783 | B8: 14.537 | C8: 15.1041 | D8: 15.134 | E8: 15.4419 | F8: 15.5912 | G8: 16.1079 | H8: 17.4734
A9: 14.8003 | B9: 14.8572 | C9: 14.9164 | D9: 15.1194 | E9: 15.2087 | F9: 15.5912 | G9: 16.1444 | H9: 17.4734
A10: 14.5365 | B10: 14.4922 | C10: 15.2151 | D10: 15.5912 | E10: 16.1079 | F10: 15.592 | G10: 17.4734 | H10: 17.4734
A11: 14.7781 | B11: 14.8971 | C11: 15.2197 | D11: 15.4419 | E11: 15.4419 | F11: 15.3696 | G11: 16.5499 | H11: 17.4734
A12: 14.6757 | B12: 14.9875 | C12: 15.0621 | D12: 15.5908 | E12: 15.5912 | F12: 16.1079 | G12: 17.4734 | H12: 17.4734
A13: 14.5701 | B13: 15.1149 | C13: 14.5995 | D13: 15.1517 | E13: 15.4419 | F13: 16.1079 | G13: 15.489 | H13: 17.4734
... A41: 14.8365 | B41: 14.3489 | C41: 14.977 | D41: 15.1025 | E41: 15.5912 | F41: 16.1079 | G41: 17.4734 | H41: 17.5557

Sheet Sizes
A1: baseline.txt | B1: c=0.01_out.txt | C1: c=0.02_out.txt | D1: c=0.05_out.txt | E1: c=0.1_out.txt | F1: c=0.2_out.txt | G1: c=0.5_out.txt | H1: c=1_out.txt
A2: 45 | B2: 22 | C2: 19 | D2: 13 | E2: 13 | F2: 9 | G2: 9 | H2: 7
A3: 34 | B3: 27 | C3: 20 | D3: 10 | E3: 13 | F3: 9 | G3: 9 | H3: 5
A4: 40 | B4: 21 | C4: 17 | D4: 14 | E4: 11 | F4: 13 | G4: 9 | H4: 7
A5: 57 | B5: 29 | C5: 20 | D5: 11 | E5: 13 | F5: 9 | G5: 7 | H5: 5
A6: 28 | B6: 19 | C6: 31 | D6: 17 | E6: 13 | F6: 9 | G6: 9 | H6: 9
A7: 36 | B7: 33 | C7: 21 | D7: 18 | E7: 10 | F7: 11 | G7: 9 | H7: 7
A8: 44 | B8: 25 | C8: 17 | D8: 15 | E8: 13 | F8: 10 | G8: 9 | H8: 7
A9: 45 | B9: 29 | C9: 25 | D9: 19 | E9: 14 | F9: 10 | G9: 9 | H9: 7
A10: 46 | B10: 25 | C10: 17 | D10: 10 | E10: 9 | F10: 11 | G10: 7 | H10: 7
A11: 31 | B11: 29 | C11: 27 | D11: 13 | E11: 13 | F11: 13 | G11: 9 | H11: 7
A12: 41 | B12: 19 | C12: 31 | D12: 11 | E12: 10 | F12: 11 | G12: 7 | H12: 7
A13: 43 | B13: 25 | C13: 23 | D13: 17 | E13: 13 | F13: 9 | G13: 9 | H13: 7
... A41: 39 | B41: 39 | C41: 27 | D41: 16 | E41: 10 | F41: 9 | G41: 7 | H41: 7

Sheet PopulationSizes
A1: baseline.txt | B1: c=0.01_out.txt | C1: c=0.02_out.txt | D1: c=0.05_out.txt | E1: c=0.1_out.txt | F1: c=0.2_out.txt | G1: c=0.5_out.txt | H1: c=1_out.txt
A2: 42.456001 | B2: 23.282 | C2: 18.462 | D2: 12.678 | E2: 12.841 | F2: 9.093 | G2: 8.746 | H2: 6.992
A3: 32.972 | B3: 26.226999 | C3: 19.372 | D3: 9.854 | E3: 12.657 | F3: 8.888 | G3: 8.873 | H3: 4.999
A4: 39.445999 | B4: 20.399 | C4: 16.231001 | D4: 13.668 | E4: 10.683 | F4: 12.722 | G4: 8.932 | H4: 6.927
A5: 54.949001 | B5: 28.25 | C5: 19.527 | D5: 10.641 | E5: 12.674 | F5: 8.827 | G5: 6.92 | H5: 5.05
A6: 29.563999 | B6: 18.608 | C6: 30.070999 | D6: 12.903 | E6: 12.541 | F6: 8.904 | G6: 8.999 | H6: 8.746
A7: 34.905998 | B7: 32.095001 | C7: 20.26 | D7: 17.545 | E7: 9.847 | F7: 10.713 | G7: 8.835 | H7: 7.088
A8: 42.521999 | B8: 24.087 | C8: 16.268 | D8: 14.439 | E8: 12.658 | F8: 9.694 | G8: 8.834 | H8: 7.058
A9: 44.209 | B9: 28.17 | C9: 26.065001 | D9: 18.153999 | E9: 13.53 | F9: 9.874 | G9: 8.849 | H9: 7.036
A10: 44.463001 | B10: 24.09 | C10: 16.687 | D10: 9.73 | E10: 8.922 | F10: 10.649 | G10: 7.033 | H10: 7.046
A11: 29.715 | B11: 28.483999 | C11: 26.077999 | D11: 12.689 | E11: 12.594 | F11: 12.733 | G11: 8.775 | H11: 7.024
A12: 39.606998 | B12: 18.499001 | C12: 29.881001 | D12: 10.765 | E12: 9.731 | F12: 10.816 | G12: 7.022 | H12: 7.135
A13: 40.036999 | B13: 24.438 | C13: 22.097 | D13: 16.563 | E13: 12.698 | F13: 8.758 | G13: 8.895 | H13: 6.966
... A41: 36.945 | B41: 37.699001 | C41: 26.305 | D41: 15.556 | E41: 9.95 | F41: 8.913 | G41: 7.053 | H41: 6.874

Sheet Generation
A1: baseline.txt | B1: c=0.01_out.txt | C1: c=0.02_out.txt | D1: c=0.05_out.txt | E1: c=0.1_out.txt | F1: c=0.2_out.txt | G1: c=0.5_out.txt | H1: c=1_out.txt
A2: 91 | B2: 101 | C2: 122 | D2: 128 | E2: 127 | F2: 206 | G2: 136 | H2: 153
A3: 89 | B3: 100 | C3: 108 | D3: 127 | E3: 125 | F3: 130 | G3: 141 | H3: 142
A4: 93 | B4: 113 | C4: 115 | D4: 118 | E4: 132 | F4: 130 | G4: 135 | H4: 151
A5: 92 | B5: 104 | C5: 112 | D5: 135 | E5: 132 | F5: 132 | G5: 152 | H5: 137
A6: 106 | B6: 113 | C6: 98 | D6: 132 | E6: 128 | F6: 135 | G6: 138 | H6: 133
A7: 98 | B7: 96 | C7: 109 | D7: 122 | E7: 133 | F7: 136 | G7: 135 | H7: 151
A8: 96 | B8: 113 | C8: 126 | D8: 130 | E8: 125 | F8: 137 | G8: 137 | H8: 145
A9: 91 | B9: 89 | C9: 103 | D9: 116 | E9: 125 | F9: 136 | G9: 138 | H9: 139
A10: 93 | B10: 92 | C10: 120 | D10: 131 | E10: 134 | F10: 135 | G10: 146 | H10: 153
A11: 109 | B11: 105 | C11: 111 | D11: 130 | E11: 128 | F11: 127 | G11: 141 | H11: 150
A12: 91 | B12: 123 | C12: 98 | D12: 129 | E12: 136 | F12: 128 | G12: 149 | H12: 153
A13: 92 | B13: 101 | C13: 94 | D13: 116 | E13: 126 | F13: 133 | G13: 139 | H13: 149
... A41: 97 | B41: 89 | C41: 108 | D41: 117 | E41: 133 | F41: 133 | G41: 140 | H41: 153

Sheet Statistics
A1: File Name | B1: MIN | C1: MEDIAN | D1: MAX | E1: MINTRAIN | F1: MEDIANTRAIN | G1: MAXTRAIN | H1: MINTRUETRAIN | I1: MEDIANTRUETRAIN | J1: MAXTRUETRAIN | K1: MINSIZE | L1: MEDIANSIZE | M1: MAXSIZE | N1: AVGAVGPOPSIZE | O1: AVGMAXGEN | P1: COUNT
A2: baseline.txt | B2: =MIN(Data!A:A) -> 0 | C2: =MEDIAN(Data!A:A) -> 0 | D2: =MAX(Data!A:A) -> 0 | E2: =MIN(DataTrain!A:A) -> 0 | F2: =MEDIAN(DataTrain!A:A) -> 0 | G2: =MAX(DataTrain!A:A) -> 0 | H2: =MIN(DataTrueTrain!A:A) -> 0 | I2: =MEDIAN(DataTrueTrain!A:A) -> 0 | J2: =MAX(DataTrueTrain!A:A) -> 0 | K2: =MIN(Sizes!A:A) -> 0 | L2: =MEDIAN(Sizes!A:A) -> 0 | M2: =MAX(Sizes!A:A) -> 0 | N2: =AVERAGE(PopulationSizes!A:A) -> 0 | O2: =AVERAGE(Generation!A:A) -> 0 | P2: =COUNTIF(Data!A:A, ">=0") -> 0
A3: c=0.01_out.txt | B3: =MIN(Data!B:B) -> 0 | C3: =MEDIAN(Data!B:B) -> 0 | D3: =MAX(Data!B:B) -> 0 | E3: =MIN(DataTrain!B:B) -> 0 | F3: =MEDIAN(DataTrain!B:B) -> 0 | G3: =MAX(DataTrain!B:B) -> 0 | H3: =MIN(DataTrueTrain!B:B) -> 0 | I3: =MEDIAN(DataTrueTrain!B:B) -> 0 | J3: =MAX(DataTrueTrain!B:B) -> 0 | K3: =MIN(Sizes!B:B) -> 0 | L3: =MEDIAN(Sizes!B:B) -> 0 | M3: =MAX(Sizes!B:B) -> 0 | N3: =AVERAGE(PopulationSizes!B:B) -> 0 | O3: =AVERAGE(Generation!B:B) -> 0 | P3: =COUNTIF(Data!B:B, ">=0") -> 0
A4: c=0.02_out.txt | B4: =MIN(Data!C:C) -> 0 | C4: =MEDIAN(Data!C:C) -> 0 | D4: =MAX(Data!C:C) -> 0 | E4: =MIN(DataTrain!C:C) -> 0 | F4: =MEDIAN(DataTrain!C:C) -> 0 | G4: =MAX(DataTrain!C:C) -> 0 | H4: =MIN(DataTrueTrain!C:C) -> 0 | I4: =MEDIAN(DataTrueTrain!C:C) -> 0 | J4: =MAX(DataTrueTrain!C:C) -> 0 | K4: =MIN(Sizes!C:C) -> 0 | L4: =MEDIAN(Sizes!C:C) -> 0 | M4: =MAX(Sizes!C:C) -> 0 | N4: =AVERAGE(PopulationSizes!C:C) -> 0 | O4: =AVERAGE(Generation!C:C) -> 0 | P4: =COUNTIF(Data!C:C, ">=0") -> 0
A5: c=0.05_out.txt | B5: =MIN(Data!D:D) -> 0 | C5: =MEDIAN(Data!D:D) -> 0 | D5: =MAX(Data!D:D) -> 0 | E5: =MIN(DataTrain!D:D) -> 0 | F5: =MEDIAN(DataTrain!D:D) -> 0 | G5: =MAX(DataTrain!D:D) -> 0 | H5: =MIN(DataTrueTrain!D:D) -> 0 | I5: =MEDIAN(DataTrueTrain!D:D) -> 0 | J5: =MAX(DataTrueTrain!D:D) -> 0 | K5: =MIN(Sizes!D:D) -> 0 | L5: =MEDIAN(Sizes!D:D) -> 0 | M5: =MAX(Sizes!D:D) -> 0 | N5: =AVERAGE(PopulationSizes!D:D) -> 0 | O5: =AVERAGE(Generation!D:D) -> 0 | P5: =COUNTIF(Data!D:D, ">=0") -> 0
A6: c=0.1_out.txt | B6: =MIN(Data!E:E) -> 0 | C6: =MEDIAN(Data!E:E) -> 0 | D6: =MAX(Data!E:E) -> 0 | E6: =MIN(DataTrain!E:E) -> 0 | F6: =MEDIAN(DataTrain!E:E) -> 0 | G6: =MAX(DataTrain!E:E) -> 0 | H6: =MIN(DataTrueTrain!E:E) -> 0 | I6: =MEDIAN(DataTrueTrain!E:E) -> 0 | J6: =MAX(DataTrueTrain!E:E) -> 0 | K6: =MIN(Sizes!E:E) -> 0 | L6: =MEDIAN(Sizes!E:E) -> 0 | M6: =MAX(Sizes!E:E) -> 0 | N6: =AVERAGE(PopulationSizes!E:E) -> 0 | O6: =AVERAGE(Generation!E:E) -> 0 | P6: =COUNTIF(Data!E:E, ">=0") -> 0
A7: c=0.2_out.txt | B7: =MIN(Data!F:F) -> 0 | C7: =MEDIAN(Data!F:F) -> 0 | D7: =MAX(Data!F:F) -> 0 | E7: =MIN(DataTrain!F:F) -> 0 | F7: =MEDIAN(DataTrain!F:F) -> 0 | G7: =MAX(DataTrain!F:F) -> 0 | H7: =MIN(DataTrueTrain!F:F) -> 0 | I7: =MEDIAN(DataTrueTrain!F:F) -> 0 | J7: =MAX(DataTrueTrain!F:F) -> 0 | K7: =MIN(Sizes!F:F) -> 0 | L7: =MEDIAN(Sizes!F:F) -> 0 | M7: =MAX(Sizes!F:F) -> 0 | N7: =AVERAGE(PopulationSizes!F:F) -> 0 | O7: =AVERAGE(Generation!F:F) -> 0 | P7: =COUNTIF(Data!F:F, ">=0") -> 0
A8: c=0.5_out.txt | B8: =MIN(Data!G:G) -> 0 | C8: =MEDIAN(Data!G:G) -> 0 | D8: =MAX(Data!G:G) -> 0 | E8: =MIN(DataTrain!G:G) -> 0 | F8: =MEDIAN(DataTrain!G:G) -> 0 | G8: =MAX(DataTrain!G:G) -> 0 | H8: =MIN(DataTrueTrain!G:G) -> 0 | I8: =MEDIAN(DataTrueTrain!G:G) -> 0 | J8: =MAX(DataTrueTrain!G:G) -> 0 | K8: =MIN(Sizes!G:G) -> 0 | L8: =MEDIAN(Sizes!G:G) -> 0 | M8: =MAX(Sizes!G:G) -> 0 | N8: =AVERAGE(PopulationSizes!G:G) -> 0 | O8: =AVERAGE(Generation!G:G) -> 0 | P8: =COUNTIF(Data!G:G, ">=0") -> 0
A9: c=1_out.txt | B9: =MIN(Data!H:H) -> 0 | C9: =MEDIAN(Data!H:H) -> 0 | D9: =MAX(Data!H:H) -> 0 | E9: =MIN(DataTrain!H:H) -> 0 | F9: =MEDIAN(DataTrain!H:H) -> 0 | G9: =MAX(DataTrain!H:H) -> 0 | H9: =MIN(DataTrueTrain!H:H) -> 0 | I9: =MEDIAN(DataTrueTrain!H:H) -> 0 | J9: =MAX(DataTrueTrain!H:H) -> 0 | K9: =MIN(Sizes!H:H) -> 0 | L9: =MEDIAN(Sizes!H:H) -> 0 | M9: =MAX(Sizes!H:H) -> 0 | N9: =AVERAGE(PopulationSizes!H:H) -> 0 | O9: =AVERAGE(Generation!H:H) -> 0 | P9: =COUNTIF(Data!H:H, ">=0") -> 0
